Reviewer Name,Rating,Review Date,Review Content
,5,27 Dec 2025,"💲Price:  Nice 🛠️Durability:  Nice 🦶Traction:  Quiet and noise-free 
Best deal and convenience to install. "
,5,28 Dec 2025,"Easy to install, Improved traction on wet roads, 
 💲Price:  price is cheaper then shop 36 ringgit  🛠️Durability:  hope can use for few years "
,5,15 Nov 2025,"💲Price:Great value for money, 
 🛠️Durability:Long-lasting and durable, 
 🦶Traction:Enhanced safety features.
 
Bought during 11/11 and got a very good price and merchants installation was efficient and friendly. "
,5,03 Apr 2022,Good product quality & good customer service. The tyre manufacturing year is 2022. very new tyre. Will buy again.
,5,30 Sep 2023,"Very good performance, advice given very well for future...highly recommended...brand new tyre given..2023.. "
